{"initial_reset_timestamp": 1628085873.4245102, "timestamps": [1628085884.962372], "episode_lengths": [200], "episode_rewards": [200.0], "episode_types": ["t"]}